"id","obs_day","daily_L_m","daily_steps","date","trt","parity","cow_calf","percent_near","F_min_hourly","voc_yes","voc_perc_yes"
"750","BL",781.85,1879.66666666667,2022-08-20,"6_mo","4","cow",50,NA,NA,NA
"750","1",678.283333333333,5901,2022-08-25,"6_mo","4","cow",50,NA,NA,NA
"750","2",814.25,3240,2022-08-26,"6_mo","4","cow",50,NA,NA,NA
"750","3",775.916666666667,2316,2022-08-27,"6_mo","4","cow",50,NA,NA,NA
"750","4",763.716666666667,1630,2022-08-28,"6_mo","4","cow",50,NA,NA,NA
"750","5",835.983333333333,1401,2022-08-29,"6_mo","4","cow",50,NA,NA,NA
"750","6",817.016666666667,947,2022-08-30,"6_mo","4","cow",50,NA,NA,NA
"750","8",758.016666666667,2039,2022-09-01,"6_mo","4","cow",50,NA,NA,NA
"750","9",805,1227,2022-09-02,"6_mo","4","cow",50,NA,NA,NA
"750","10",844.133333333333,1300,2022-09-03,"6_mo","4","cow",50,NA,NA,NA
"750","11",797.366666666667,1883,2022-09-04,"6_mo","4","cow",50,NA,NA,NA
"803","BL",704.791666666667,2039.16666666667,2022-08-20,"6_mo","4","cow",33.8129496402878,NA,NA,NA
"803","1",513.35,5264,2022-08-25,"6_mo","4","cow",33.8129496402878,NA,NA,NA
"803","2",641.55,2462,2022-08-26,"6_mo","4","cow",33.8129496402878,NA,NA,NA
"803","4",314.4,3672,2022-08-28,"6_mo","4","cow",33.8129496402878,NA,NA,NA
"803","5",906.8,1621,2022-08-29,"6_mo","4","cow",33.8129496402878,NA,NA,NA
"803","8",691.783333333333,1774,2022-09-01,"6_mo","4","cow",33.8129496402878,NA,NA,NA
"803","10",879.233333333333,1302,2022-09-03,"6_mo","4","cow",33.8129496402878,NA,NA,NA
"803","11",620.566666666667,1881,2022-09-04,"6_mo","4","cow",33.8129496402878,NA,NA,NA
"805","BL",772.356666666667,2641.6,2022-06-23,"4_mo","4","cow",35,NA,NA,NA
"805","1",688.9,2944,2022-06-28,"4_mo","4","cow",35,NA,NA,NA
"805","2",806.866666666667,2174,2022-06-29,"4_mo","4","cow",35,NA,NA,NA
"805","3",714.066666666667,3134,2022-06-30,"4_mo","4","cow",35,NA,NA,NA
"805","5",836.683333333333,1952,2022-07-02,"4_mo","4","cow",35,NA,NA,NA
"805","7",825.2,2304,2022-07-04,"4_mo","4","cow",35,NA,NA,NA
"805","9",806.466666666667,2362,2022-07-06,"4_mo","4","cow",35,NA,NA,NA
"805","11",815.283333333333,3043,2022-07-08,"4_mo","4","cow",35,NA,NA,NA
"825","BL",601.756666666667,1838,2022-06-23,"4_mo","4","cow",65.4676258992806,NA,NA,NA
"825","1",581.283333333333,3380,2022-06-28,"4_mo","4","cow",65.4676258992806,NA,NA,NA
"825","2",695.3,1783,2022-06-29,"4_mo","4","cow",65.4676258992806,NA,NA,NA
"825","3",581.833333333333,2131,2022-06-30,"4_mo","4","cow",65.4676258992806,NA,NA,NA
"825","5",535.416666666667,1647,2022-07-02,"4_mo","4","cow",65.4676258992806,NA,NA,NA
"825","6",650.4,2745,2022-07-03,"4_mo","4","cow",65.4676258992806,NA,NA,NA
"825","7",650.316666666667,3422,2022-07-04,"4_mo","4","cow",65.4676258992806,NA,NA,NA
"825","8",770.583333333333,2266,2022-07-05,"4_mo","4","cow",65.4676258992806,NA,NA,NA
"825","9",580.933333333333,4613,2022-07-06,"4_mo","4","cow",65.4676258992806,NA,NA,NA
"928","BL",656.093333333333,1486.6,2022-06-23,"4_mo","3","cow",38.5714285714286,NA,NA,NA
"928","1",554.533333333333,2364,2022-06-28,"4_mo","3","cow",38.5714285714286,NA,NA,NA
"928","2",694.266666666667,1425,2022-06-29,"4_mo","3","cow",38.5714285714286,NA,NA,NA
"928","3",518.983333333333,1162,2022-06-30,"4_mo","3","cow",38.5714285714286,NA,NA,NA
"928","5",717.583333333333,1225,2022-07-02,"4_mo","3","cow",38.5714285714286,NA,NA,NA
"928","6",867.616666666667,1163,2022-07-03,"4_mo","3","cow",38.5714285714286,NA,NA,NA
"928","7",683.083333333333,1508,2022-07-04,"4_mo","3","cow",38.5714285714286,NA,NA,NA
"928","8",800.266666666667,1282,2022-07-05,"4_mo","3","cow",38.5714285714286,NA,NA,NA
"928","9",803.6,1563,2022-07-06,"4_mo","3","cow",38.5714285714286,NA,NA,NA
"928","11",783.766666666667,1356,2022-07-08,"4_mo","3","cow",38.5714285714286,NA,NA,NA
"2019","BL",817.35,1245.75,2022-06-23,"4_mo","3","cow",21.5827338129496,NA,NA,NA
"2019","1",462.733333333333,5990,2022-06-28,"4_mo","3","cow",21.5827338129496,NA,NA,NA
"2019","2",830.533333333333,1821,2022-06-29,"4_mo","3","cow",21.5827338129496,NA,NA,NA
"2019","3",695.85,2591,2022-06-30,"4_mo","3","cow",21.5827338129496,NA,NA,NA
"2019","5",859.733333333333,1159,2022-07-02,"4_mo","3","cow",21.5827338129496,NA,NA,NA
"2019","6",1011.66666666667,1458,2022-07-03,"4_mo","3","cow",21.5827338129496,NA,NA,NA
"2019","7",915.3,1567,2022-07-04,"4_mo","3","cow",21.5827338129496,NA,NA,NA
"2019","8",967.033333333333,1063,2022-07-05,"4_mo","3","cow",21.5827338129496,NA,NA,NA
"2019","9",924.116666666667,1229,2022-07-06,"4_mo","3","cow",21.5827338129496,NA,NA,NA
"2019","11",728.716666666667,1664,2022-07-08,"4_mo","3","cow",21.5827338129496,NA,NA,NA
"2045","BL",584.703333333333,1403.8,2022-06-23,"4_mo","3","cow",27.34375,NA,NA,NA
"2045","1",304.9,6098,2022-06-28,"4_mo","3","cow",27.34375,NA,NA,NA
"2045","2",618.116666666667,2279,2022-06-29,"4_mo","3","cow",27.34375,NA,NA,NA
"2045","3",548.55,1268,2022-06-30,"4_mo","3","cow",27.34375,NA,NA,NA
"2045","6",702.633333333333,1425,2022-07-03,"4_mo","3","cow",27.34375,NA,NA,NA
"2045","7",642.266666666667,2160,2022-07-04,"4_mo","3","cow",27.34375,NA,NA,NA
"2045","8",783.383333333333,1166,2022-07-05,"4_mo","3","cow",27.34375,NA,NA,NA
"2045","9",758.866666666667,1654,2022-07-06,"4_mo","3","cow",27.34375,NA,NA,NA
"2045","11",716.516666666667,1990,2022-07-08,"4_mo","3","cow",27.34375,NA,NA,NA
"2183","BL",667.073333333333,2298.8,2022-08-20,"6_mo","2","cow",45.985401459854,NA,NA,NA
"2183","1",531.15,8735,2022-08-25,"6_mo","2","cow",45.985401459854,NA,NA,NA
"2183","2",891.6,4191,2022-08-26,"6_mo","2","cow",45.985401459854,NA,NA,NA
"2183","3",746.583333333333,2847,2022-08-27,"6_mo","2","cow",45.985401459854,NA,NA,NA
"2183","4",783.183333333333,2262,2022-08-28,"6_mo","2","cow",45.985401459854,NA,NA,NA
"2183","5",1031.51666666667,2005,2022-08-29,"6_mo","2","cow",45.985401459854,NA,NA,NA
"2183","6",890.416666666667,1029,2022-08-30,"6_mo","2","cow",45.985401459854,NA,NA,NA
"2183","8",785.85,1422,2022-09-01,"6_mo","2","cow",45.985401459854,NA,NA,NA
"2183","9",710.1,1645,2022-09-02,"6_mo","2","cow",45.985401459854,NA,NA,NA
"2183","10",858.55,1207,2022-09-03,"6_mo","2","cow",45.985401459854,NA,NA,NA
"2183","11",732.5,1469,2022-09-04,"6_mo","2","cow",45.985401459854,NA,NA,NA
"2198","BL",718.983333333333,2279.33333333333,2022-08-20,"6_mo","2","cow",58.9928057553957,NA,NA,NA
"2198","1",602.55,6205,2022-08-25,"6_mo","2","cow",58.9928057553957,NA,NA,NA
"2198","2",888.55,2488,2022-08-26,"6_mo","2","cow",58.9928057553957,NA,NA,NA
"2198","3",779.766666666667,2091,2022-08-27,"6_mo","2","cow",58.9928057553957,NA,NA,NA
"2198","4",605.3,2836,2022-08-28,"6_mo","2","cow",58.9928057553957,NA,NA,NA
"2198","5",793.283333333333,1817,2022-08-29,"6_mo","2","cow",58.9928057553957,NA,NA,NA
"2198","6",663.7,2670,2022-08-30,"6_mo","2","cow",58.9928057553957,NA,NA,NA
"2198","8",847.15,1327,2022-09-01,"6_mo","2","cow",58.9928057553957,NA,NA,NA
"2198","9",730.983333333333,1402,2022-09-02,"6_mo","2","cow",58.9928057553957,NA,NA,NA
"2198","10",908.383333333333,927,2022-09-03,"6_mo","2","cow",58.9928057553957,NA,NA,NA
"2198","11",840.266666666667,1329,2022-09-04,"6_mo","2","cow",58.9928057553957,NA,NA,NA
"2200","BL",730.876666666667,2087.8,2022-06-23,"4_mo","2","cow",20.4545454545455,NA,NA,NA
"2200","1",544.383333333333,7197,2022-06-28,"4_mo","2","cow",20.4545454545455,NA,NA,NA
"2200","2",863.15,2144,2022-06-29,"4_mo","2","cow",20.4545454545455,NA,NA,NA
"2200","3",697.233333333333,1272,2022-06-30,"4_mo","2","cow",20.4545454545455,NA,NA,NA
"2200","5",812.416666666667,2154,2022-07-02,"4_mo","2","cow",20.4545454545455,NA,NA,NA
"2200","6",779.45,1563,2022-07-03,"4_mo","2","cow",20.4545454545455,NA,NA,NA
"2200","7",583.633333333333,2127,2022-07-04,"4_mo","2","cow",20.4545454545455,NA,NA,NA
"2200","8",785.15,1221,2022-07-05,"4_mo","2","cow",20.4545454545455,NA,NA,NA
"2200","9",802.566666666667,1463,2022-07-06,"4_mo","2","cow",20.4545454545455,NA,NA,NA
"2200","11",706.683333333333,1660,2022-07-08,"4_mo","2","cow",20.4545454545455,NA,NA,NA
"2202","BL",635.336666666667,2230.2,2022-08-20,"6_mo","2","cow",33.8028169014085,NA,NA,NA
"2202","1",387.883333333333,6559,2022-08-25,"6_mo","2","cow",33.8028169014085,NA,NA,NA
"2202","2",775.85,3287,2022-08-26,"6_mo","2","cow",33.8028169014085,NA,NA,NA
"2202","4",528.283333333333,1686,2022-08-28,"6_mo","2","cow",33.8028169014085,NA,NA,NA
"2202","5",718.716666666667,1242,2022-08-29,"6_mo","2","cow",33.8028169014085,NA,NA,NA
"2202","8",663.333333333333,1181,2022-09-01,"6_mo","2","cow",33.8028169014085,NA,NA,NA
"2202","9",670.133333333333,1923,2022-09-02,"6_mo","2","cow",33.8028169014085,NA,NA,NA
"2202","10",714.233333333333,1597,2022-09-03,"6_mo","2","cow",33.8028169014085,NA,NA,NA
"2202","11",723.1,1551,2022-09-04,"6_mo","2","cow",33.8028169014085,NA,NA,NA
"2210","BL",607.886111111111,2403,2022-08-20,"6_mo","2","cow",39.7163120567376,NA,NA,NA
"2210","1",485.966666666667,5382,2022-08-25,"6_mo","2","cow",39.7163120567376,NA,NA,NA
"2210","2",540.65,3561,2022-08-26,"6_mo","2","cow",39.7163120567376,NA,NA,NA
"2210","3",556.316666666667,2727,2022-08-27,"6_mo","2","cow",39.7163120567376,NA,NA,NA
"2210","4",688.433333333333,1968,2022-08-28,"6_mo","2","cow",39.7163120567376,NA,NA,NA
"2210","5",727.333333333333,1755,2022-08-29,"6_mo","2","cow",39.7163120567376,NA,NA,NA
"2210","6",641.05,1853,2022-08-30,"6_mo","2","cow",39.7163120567376,NA,NA,NA
"2210","8",721.466666666667,1857,2022-09-01,"6_mo","2","cow",39.7163120567376,NA,NA,NA
"2210","9",834.916666666667,1694,2022-09-02,"6_mo","2","cow",39.7163120567376,NA,NA,NA
"2210","10",702.983333333333,2172,2022-09-03,"6_mo","2","cow",39.7163120567376,NA,NA,NA
"2210","11",714.833333333333,2311,2022-09-04,"6_mo","2","cow",39.7163120567376,NA,NA,NA
"2334","BL",765.05,2281.83333333333,2022-08-20,"6_mo","1","cow",49.6402877697842,NA,NA,NA
"2334","1",467.083333333333,7550,2022-08-25,"6_mo","1","cow",49.6402877697842,NA,NA,NA
"2334","2",867.566666666667,3429,2022-08-26,"6_mo","1","cow",49.6402877697842,NA,NA,NA
"2334","3",716.1,2182,2022-08-27,"6_mo","1","cow",49.6402877697842,NA,NA,NA
"2334","4",711.016666666667,1594,2022-08-28,"6_mo","1","cow",49.6402877697842,NA,NA,NA
"2334","5",756.683333333333,1340,2022-08-29,"6_mo","1","cow",49.6402877697842,NA,NA,NA
"2334","6",787.683333333333,1684,2022-08-30,"6_mo","1","cow",49.6402877697842,NA,NA,NA
"2334","8",742.183333333333,3309,2022-09-01,"6_mo","1","cow",49.6402877697842,NA,NA,NA
"2334","9",748.466666666667,2011,2022-09-02,"6_mo","1","cow",49.6402877697842,NA,NA,NA
"2334","10",878.466666666667,1474,2022-09-03,"6_mo","1","cow",49.6402877697842,NA,NA,NA
"2334","11",732.933333333333,2688,2022-09-04,"6_mo","1","cow",49.6402877697842,NA,NA,NA
"2337","BL",656.886666666667,3272.2,2022-06-23,"4_mo","1","cow",49.6402877697842,NA,NA,NA
"2337","1",426.283333333333,7241,2022-06-28,"4_mo","1","cow",49.6402877697842,NA,NA,NA
"2337","2",803.95,1767,2022-06-29,"4_mo","1","cow",49.6402877697842,NA,NA,NA
"2337","3",685.133333333333,2392,2022-06-30,"4_mo","1","cow",49.6402877697842,NA,NA,NA
"2337","5",671.833333333333,2276,2022-07-02,"4_mo","1","cow",49.6402877697842,NA,NA,NA
"2337","6",507.816666666667,4772,2022-07-03,"4_mo","1","cow",49.6402877697842,NA,NA,NA
"2337","7",659.3,2789,2022-07-04,"4_mo","1","cow",49.6402877697842,NA,NA,NA
"2337","8",714.833333333333,2919,2022-07-05,"4_mo","1","cow",49.6402877697842,NA,NA,NA
"2337","9",719.3,2549,2022-07-06,"4_mo","1","cow",49.6402877697842,NA,NA,NA
"2337","11",733.5,2084,2022-07-08,"4_mo","1","cow",49.6402877697842,NA,NA,NA
"2341","BL",599.480555555556,2261.66666666667,2022-08-20,"6_mo","1","cow",35.2941176470588,NA,NA,NA
"2341","1",303.766666666667,5884,2022-08-25,"6_mo","1","cow",35.2941176470588,NA,NA,NA
"2341","2",642.633333333333,3777,2022-08-26,"6_mo","1","cow",35.2941176470588,NA,NA,NA
"2341","3",518.983333333333,2884,2022-08-27,"6_mo","1","cow",35.2941176470588,NA,NA,NA
"2341","4",280.233333333333,2817,2022-08-28,"6_mo","1","cow",35.2941176470588,NA,NA,NA
"2341","5",817.25,1626,2022-08-29,"6_mo","1","cow",35.2941176470588,NA,NA,NA
"2341","6",648.116666666667,1882,2022-08-30,"6_mo","1","cow",35.2941176470588,NA,NA,NA
"2341","8",527.083333333333,3167,2022-09-01,"6_mo","1","cow",35.2941176470588,NA,NA,NA
"2341","9",514.6,2476,2022-09-02,"6_mo","1","cow",35.2941176470588,NA,NA,NA
"2341","10",657.383333333333,2066,2022-09-03,"6_mo","1","cow",35.2941176470588,NA,NA,NA
"2341","11",692.316666666667,2274,2022-09-04,"6_mo","1","cow",35.2941176470588,NA,NA,NA
"2346","BL",733.045833333333,2731.5,2022-06-24,"4_mo","1","cow",23.9130434782609,NA,NA,NA
"2346","1",813.05,3925,2022-06-28,"4_mo","1","cow",23.9130434782609,NA,NA,NA
"2346","2",788,3105,2022-06-29,"4_mo","1","cow",23.9130434782609,NA,NA,NA
"2346","3",502.616666666667,5286,2022-06-30,"4_mo","1","cow",23.9130434782609,NA,NA,NA
"2346","5",807.95,1978,2022-07-02,"4_mo","1","cow",23.9130434782609,NA,NA,NA
"2346","6",921.733333333333,2625,2022-07-03,"4_mo","1","cow",23.9130434782609,NA,NA,NA
"2346","7",747.35,2627,2022-07-04,"4_mo","1","cow",23.9130434782609,NA,NA,NA
"2346","8",866.883333333333,1767,2022-07-05,"4_mo","1","cow",23.9130434782609,NA,NA,NA
"2346","9",815.15,1785,2022-07-06,"4_mo","1","cow",23.9130434782609,NA,NA,NA
"2346","11",810.066666666667,2596,2022-07-08,"4_mo","1","cow",23.9130434782609,NA,NA,NA
"2347","BL",727.472222222222,2146.83333333333,2022-08-20,"6_mo","1","cow",32.3741007194245,NA,NA,NA
"2347","1",713.416666666667,1916,2022-08-25,"6_mo","1","cow",32.3741007194245,NA,NA,NA
"2347","2",747.083333333333,2123,2022-08-26,"6_mo","1","cow",32.3741007194245,NA,NA,NA
"2347","3",710.666666666667,1779,2022-08-27,"6_mo","1","cow",32.3741007194245,NA,NA,NA
"2347","4",663.866666666667,991,2022-08-28,"6_mo","1","cow",32.3741007194245,NA,NA,NA
"2347","5",774.716666666667,1089,2022-08-29,"6_mo","1","cow",32.3741007194245,NA,NA,NA
"2347","6",677.416666666667,959,2022-08-30,"6_mo","1","cow",32.3741007194245,NA,NA,NA
"2347","8",655.65,1490,2022-09-01,"6_mo","1","cow",32.3741007194245,NA,NA,NA
"2347","9",750.483333333333,1062,2022-09-02,"6_mo","1","cow",32.3741007194245,NA,NA,NA
"2347","10",785.816666666667,804,2022-09-03,"6_mo","1","cow",32.3741007194245,NA,NA,NA
"2347","11",523.566666666667,1784,2022-09-04,"6_mo","1","cow",32.3741007194245,NA,NA,NA
"2348","BL",690.343333333333,2817.2,2022-06-23,"4_mo","1","cow",22.1311475409836,NA,NA,NA
"2348","1",372.316666666667,7229,2022-06-28,"4_mo","1","cow",22.1311475409836,NA,NA,NA
"2348","2",808.933333333333,3017,2022-06-29,"4_mo","1","cow",22.1311475409836,NA,NA,NA
"2348","3",580.716666666667,4580,2022-06-30,"4_mo","1","cow",22.1311475409836,NA,NA,NA
"2348","5",732.416666666667,2339,2022-07-02,"4_mo","1","cow",22.1311475409836,NA,NA,NA
"2348","6",667.7,2280,2022-07-03,"4_mo","1","cow",22.1311475409836,NA,NA,NA
"2348","7",606.916666666667,2959,2022-07-04,"4_mo","1","cow",22.1311475409836,NA,NA,NA
"2348","8",817.4,2527,2022-07-05,"4_mo","1","cow",22.1311475409836,NA,NA,NA
"2348","9",719.1,2339,2022-07-06,"4_mo","1","cow",22.1311475409836,NA,NA,NA
"2348","11",715.433333333333,2042,2022-07-08,"4_mo","1","cow",22.1311475409836,NA,NA,NA
"2354","BL",611.316666666667,4772.6,2022-06-23,"4_mo","1","cow",45.7142857142857,NA,NA,NA
"2354","1",450.65,10860,2022-06-28,"4_mo","1","cow",45.7142857142857,NA,NA,NA
"2354","2",730.416666666667,4987,2022-06-29,"4_mo","1","cow",45.7142857142857,NA,NA,NA
"2354","3",706.516666666667,5409,2022-06-30,"4_mo","1","cow",45.7142857142857,NA,NA,NA
"2354","5",673.983333333333,4463,2022-07-02,"4_mo","1","cow",45.7142857142857,NA,NA,NA
"2354","6",706.15,4128,2022-07-03,"4_mo","1","cow",45.7142857142857,NA,NA,NA
"2354","7",557.55,5056,2022-07-04,"4_mo","1","cow",45.7142857142857,NA,NA,NA
"2354","8",715.183333333333,4245,2022-07-05,"4_mo","1","cow",45.7142857142857,NA,NA,NA
"2354","9",684.7,4575,2022-07-06,"4_mo","1","cow",45.7142857142857,NA,NA,NA
"2354","11",635.766666666667,3793,2022-07-08,"4_mo","1","cow",45.7142857142857,NA,NA,NA
"2357","BL",593.141666666667,2617.66666666667,2022-08-20,"6_mo","1","cow",38.8489208633094,NA,NA,NA
"2357","1",546.183333333333,5791,2022-08-25,"6_mo","1","cow",38.8489208633094,NA,NA,NA
"2357","2",791.133333333333,3310,2022-08-26,"6_mo","1","cow",38.8489208633094,NA,NA,NA
"2357","3",604.416666666667,2731,2022-08-27,"6_mo","1","cow",38.8489208633094,NA,NA,NA
"2357","4",431,2746,2022-08-28,"6_mo","1","cow",38.8489208633094,NA,NA,NA
"2357","5",701.533333333333,2341,2022-08-29,"6_mo","1","cow",38.8489208633094,NA,NA,NA
"2357","8",589.616666666667,2155,2022-09-01,"6_mo","1","cow",38.8489208633094,NA,NA,NA
"2357","9",663.283333333333,1512,2022-09-02,"6_mo","1","cow",38.8489208633094,NA,NA,NA
"2357","10",638.6,2151,2022-09-03,"6_mo","1","cow",38.8489208633094,NA,NA,NA
"2357","11",581.7,2727,2022-09-04,"6_mo","1","cow",38.8489208633094,NA,NA,NA
"2362","BL",671.83,3390.4,2022-06-23,"4_mo","1","cow",20.6349206349206,NA,NA,NA
"2362","1",488.45,6644,2022-06-28,"4_mo","1","cow",20.6349206349206,NA,NA,NA
"2362","2",751.633333333333,4460,2022-06-29,"4_mo","1","cow",20.6349206349206,NA,NA,NA
"2362","6",448.65,7064,2022-07-03,"4_mo","1","cow",20.6349206349206,NA,NA,NA
"2362","7",767.9,4272,2022-07-04,"4_mo","1","cow",20.6349206349206,NA,NA,NA
"2362","8",756.316666666667,3937,2022-07-05,"4_mo","1","cow",20.6349206349206,NA,NA,NA
"2362","9",660.183333333333,3564,2022-07-06,"4_mo","1","cow",20.6349206349206,NA,NA,NA
"2363","BL",756.505555555556,2616.16666666667,2022-08-20,"6_mo","1","cow",44.1176470588235,NA,NA,NA
"2363","1",587.316666666667,6908,2022-08-25,"6_mo","1","cow",44.1176470588235,NA,NA,NA
"2363","2",825.35,2340,2022-08-26,"6_mo","1","cow",44.1176470588235,NA,NA,NA
"2363","3",719.866666666667,1927,2022-08-27,"6_mo","1","cow",44.1176470588235,NA,NA,NA
"2363","4",770.666666666667,1998,2022-08-28,"6_mo","1","cow",44.1176470588235,NA,NA,NA
"2363","5",811.4,1935,2022-08-29,"6_mo","1","cow",44.1176470588235,NA,NA,NA
"2363","6",721.016666666667,2228,2022-08-30,"6_mo","1","cow",44.1176470588235,NA,NA,NA
"2363","8",635.433333333333,3831,2022-09-01,"6_mo","1","cow",44.1176470588235,NA,NA,NA
"2363","10",867,2160,2022-09-03,"6_mo","1","cow",44.1176470588235,NA,NA,NA
"2363","11",390.983333333333,11843,2022-09-04,"6_mo","1","cow",44.1176470588235,NA,NA,NA
"2705","BL",923.436666666667,2422.2,2022-06-23,"4_mo","-","calf",22.1311475409836,NA,NA,NA
"2705","1",441.266666666667,8331,2022-06-28,"4_mo","-","calf",22.1311475409836,11.25,2.375,19.7916666666667
"2705","2",779.083333333333,4657,2022-06-29,"4_mo","-","calf",22.1311475409836,16.25,3.625,30.2083333333333
"2705","3",806.683333333333,3891,2022-06-30,"4_mo","-","calf",22.1311475409836,21.25,1.25,10.4166666666667
"2705","5",900.433333333333,2223,2022-07-02,"4_mo","-","calf",22.1311475409836,21.25,0.125,1.04166666666667
"2705","6",868.533333333333,2085,2022-07-03,"4_mo","-","calf",22.1311475409836,NA,NA,NA
"2705","7",758.866666666667,3412,2022-07-04,"4_mo","-","calf",22.1311475409836,NA,NA,NA
"2705","8",859.316666666667,1705,2022-07-05,"4_mo","-","calf",22.1311475409836,21.25,0.375,3.125
"2705","9",751.166666666667,3274,2022-07-06,"4_mo","-","calf",22.1311475409836,NA,NA,NA
"2705","11",745.133333333333,2412,2022-07-08,"4_mo","-","calf",22.1311475409836,22.5,0.5,4.16666666666667
"2706","BL",889.083333333333,1673.33333333333,2022-08-20,"6_mo","-","calf",35.2941176470588,NA,NA,NA
"2706","1",550.85,5407,2022-08-25,"6_mo","-","calf",35.2941176470588,10,3.125,28.3333333333333
"2706","2",819.316666666667,2713,2022-08-26,"6_mo","-","calf",35.2941176470588,10,1,8.33333333333333
"2706","3",757.366666666667,1587,2022-08-27,"6_mo","-","calf",35.2941176470588,20,0.25,2.08333333333333
"2706","4",431.95,2895,2022-08-28,"6_mo","-","calf",35.2941176470588,NA,NA,NA
"2706","5",987.75,753,2022-08-29,"6_mo","-","calf",35.2941176470588,15,0,0
"2706","6",735.266666666667,2019,2022-08-30,"6_mo","-","calf",35.2941176470588,NA,NA,NA
"2706","8",762.633333333333,2008,2022-09-01,"6_mo","-","calf",35.2941176470588,25,0.25,2.08333333333333
"2706","9",782.2,1508,2022-09-02,"6_mo","-","calf",35.2941176470588,NA,NA,NA
"2706","10",778.35,1892,2022-09-03,"6_mo","-","calf",35.2941176470588,NA,NA,NA
"2706","11",751.55,1830,2022-09-04,"6_mo","-","calf",35.2941176470588,23.75,0.375,3.125
"2707","BL",854.916666666667,2728.2,2022-06-23,"4_mo","-","calf",49.6402877697842,NA,NA,NA
"2707","1",434.033333333333,10186,2022-06-28,"4_mo","-","calf",49.6402877697842,10,5.125,42.7083333333333
"2707","2",885.9,4095,2022-06-29,"4_mo","-","calf",49.6402877697842,10,2.25,18.75
"2707","3",695.95,3671,2022-06-30,"4_mo","-","calf",49.6402877697842,15,3.125,26.0416666666667
"2707","5",888.283333333333,1655,2022-07-02,"4_mo","-","calf",49.6402877697842,11.25,0.75,6.25
"2707","6",771.733333333333,2605,2022-07-03,"4_mo","-","calf",49.6402877697842,NA,NA,NA
"2707","7",433.55,3051,2022-07-04,"4_mo","-","calf",49.6402877697842,NA,NA,NA
"2707","8",911.65,1981,2022-07-05,"4_mo","-","calf",49.6402877697842,18.75,1,8.33333333333333
"2707","9",892.3,2217,2022-07-06,"4_mo","-","calf",49.6402877697842,NA,NA,NA
"2707","11",630.083333333333,1695,2022-07-08,"4_mo","-","calf",49.6402877697842,15,0.125,1.04166666666667
"2709","BL",941.580555555556,2402,2022-08-20,"6_mo","-","calf",49.6402877697842,NA,NA,NA
"2709","3",933.866666666667,1876,2022-08-27,"6_mo","-","calf",49.6402877697842,8.75,0.375,3.125
"2709","4",619.1,3211,2022-08-28,"6_mo","-","calf",49.6402877697842,NA,NA,NA
"2709","5",986.666666666667,1573,2022-08-29,"6_mo","-","calf",49.6402877697842,11.25,0.125,1.04166666666667
"2709","6",711.133333333333,3250,2022-08-30,"6_mo","-","calf",49.6402877697842,NA,NA,NA
"2709","8",760.6,2682,2022-09-01,"6_mo","-","calf",49.6402877697842,27.5,0,0
"2709","9",839.8,1801,2022-09-02,"6_mo","-","calf",49.6402877697842,NA,NA,NA
"2709","10",821.466666666667,2527,2022-09-03,"6_mo","-","calf",49.6402877697842,NA,NA,NA
"2709","11",864.75,2131,2022-09-04,"6_mo","-","calf",49.6402877697842,21.25,0,0
"2711","BL",930.493333333333,1960.2,2022-06-23,"4_mo","-","calf",21.5827338129496,NA,NA,NA
"2711","1",409.783333333333,8800,2022-06-28,"4_mo","-","calf",21.5827338129496,6.25,6.375,53.125
"2711","2",1126.73333333333,1687,2022-06-29,"4_mo","-","calf",21.5827338129496,11.25,6.5,54.1666666666667
"2711","3",787.066666666667,2128,2022-06-30,"4_mo","-","calf",21.5827338129496,22.5,2.125,17.7083333333333
"2711","5",941.35,2343,2022-07-02,"4_mo","-","calf",21.5827338129496,11.25,0.375,3.125
"2711","6",899.466666666667,1644,2022-07-03,"4_mo","-","calf",21.5827338129496,NA,NA,NA
"2711","7",835.866666666667,3015,2022-07-04,"4_mo","-","calf",21.5827338129496,NA,NA,NA
"2711","8",834.35,1990,2022-07-05,"4_mo","-","calf",21.5827338129496,22.5,0.5,4.35606060606061
"2711","9",553.55,2284,2022-07-06,"4_mo","-","calf",21.5827338129496,NA,NA,NA
"2711","11",742.1,1980,2022-07-08,"4_mo","-","calf",21.5827338129496,28.75,0,0
"2712","BL",923.06,3236,2022-06-23,"4_mo","-","calf",35,NA,NA,NA
"2712","1",357.483333333333,19428,2022-06-28,"4_mo","-","calf",35,5,5.5,45.8333333333333
"2712","2",706.983333333333,9279,2022-06-29,"4_mo","-","calf",35,12.5,3.75,31.25
"2712","3",754.683333333333,4838,2022-06-30,"4_mo","-","calf",35,18.75,1.375,11.4583333333333
"2712","5",828.566666666667,2770,2022-07-02,"4_mo","-","calf",35,22.5,0.75,6.25
"2712","6",843.166666666667,2608,2022-07-03,"4_mo","-","calf",35,NA,NA,NA
"2712","7",677.733333333333,3832,2022-07-04,"4_mo","-","calf",35,NA,NA,NA
"2712","8",878.283333333333,2500,2022-07-05,"4_mo","-","calf",35,23.75,0.625,5.39772727272727
"2712","9",775.416666666667,2761,2022-07-06,"4_mo","-","calf",35,NA,NA,NA
"2712","11",783.65,2203,2022-07-08,"4_mo","-","calf",35,18.75,0.375,3.21969696969697
"2714","BL",1043.16333333333,2924.8,2022-06-23,"4_mo","-","calf",45.7142857142857,NA,NA,NA
"2714","1",371.983333333333,15731,2022-06-28,"4_mo","-","calf",45.7142857142857,7.5,3.75,31.25
"2714","2",748.1,9138,2022-06-29,"4_mo","-","calf",45.7142857142857,3.75,3.25,27.0833333333333
"2714","3",1025.31666666667,3258,2022-06-30,"4_mo","-","calf",45.7142857142857,10,2,16.6666666666667
"2714","5",905.75,2794,2022-07-02,"4_mo","-","calf",45.7142857142857,10,0.625,5.3030303030303
"2714","6",992.85,1877,2022-07-03,"4_mo","-","calf",45.7142857142857,NA,NA,NA
"2714","7",757.583333333333,3614,2022-07-04,"4_mo","-","calf",45.7142857142857,NA,NA,NA
"2714","8",870.033333333333,2636,2022-07-05,"4_mo","-","calf",45.7142857142857,26.25,1.375,11.6477272727273
"2714","9",895.233333333333,2110,2022-07-06,"4_mo","-","calf",45.7142857142857,NA,NA,NA
"2714","11",849.666666666667,1799,2022-07-08,"4_mo","-","calf",45.7142857142857,22.5,1.25,10.5113636363636
"2715","BL",879.130555555556,2013.83333333333,2022-08-20,"6_mo","-","calf",33.8129496402878,NA,NA,NA
"2715","1",465.816666666667,10364,2022-08-25,"6_mo","-","calf",33.8129496402878,12.5,5.25,46.6666666666667
"2715","2",730.633333333333,4077,2022-08-26,"6_mo","-","calf",33.8129496402878,10,1.875,15.625
"2715","3",808,2166,2022-08-27,"6_mo","-","calf",33.8129496402878,12.5,1.5,12.5
"2715","4",567.333333333333,2582,2022-08-28,"6_mo","-","calf",33.8129496402878,NA,NA,NA
"2715","5",913.533333333333,1617,2022-08-29,"6_mo","-","calf",33.8129496402878,27.5,0.125,1.04166666666667
"2715","6",735.166666666667,2392,2022-08-30,"6_mo","-","calf",33.8129496402878,NA,NA,NA
"2715","8",766.25,2433,2022-09-01,"6_mo","-","calf",33.8129496402878,25,0,0
"2715","9",895.7,1181,2022-09-02,"6_mo","-","calf",33.8129496402878,NA,NA,NA
"2715","10",829.033333333333,1411,2022-09-03,"6_mo","-","calf",33.8129496402878,NA,NA,NA
"2715","11",823.416666666667,1850,2022-09-04,"6_mo","-","calf",33.8129496402878,15,0,0
"2717","BL",840.527777777778,2308.33333333333,2022-08-20,"6_mo","-","calf",29.6296296296296,NA,NA,NA
"2717","1",582.016666666667,8044,2022-08-25,"6_mo","-","calf",29.6296296296296,8.75,3.125,28.125
"2717","2",857.55,3778,2022-08-26,"6_mo","-","calf",29.6296296296296,8.75,0.375,3.125
"2717","3",725.5,2381,2022-08-27,"6_mo","-","calf",29.6296296296296,12.5,0.375,3.125
"2717","4",575.033333333333,2999,2022-08-28,"6_mo","-","calf",29.6296296296296,NA,NA,NA
"2717","5",916.433333333333,1686,2022-08-29,"6_mo","-","calf",29.6296296296296,10,0.25,2.08333333333333
"2717","6",680.666666666667,3143,2022-08-30,"6_mo","-","calf",29.6296296296296,NA,NA,NA
"2717","8",779.633333333333,2002,2022-09-01,"6_mo","-","calf",29.6296296296296,26.25,0,0
"2717","9",726.666666666667,2436,2022-09-02,"6_mo","-","calf",29.6296296296296,NA,NA,NA
"2717","10",639.133333333333,4737,2022-09-03,"6_mo","-","calf",29.6296296296296,NA,NA,NA
"2717","11",902.65,2155,2022-09-04,"6_mo","-","calf",29.6296296296296,15,0,0
"2718","BL",918.905555555556,2382.66666666667,2022-08-20,"6_mo","-","calf",33.8028169014085,NA,NA,NA
"2718","1",639.866666666667,6924,2022-08-25,"6_mo","-","calf",33.8028169014085,12.5,5,44.1666666666667
"2718","2",811.35,3379,2022-08-26,"6_mo","-","calf",33.8028169014085,15,0.625,5.20833333333333
"2718","3",801.533333333333,2522,2022-08-27,"6_mo","-","calf",33.8028169014085,15,0.125,1.04166666666667
"2718","4",485.533333333333,3610,2022-08-28,"6_mo","-","calf",33.8028169014085,NA,NA,NA
"2718","5",910.65,1929,2022-08-29,"6_mo","-","calf",33.8028169014085,25,0,0
"2718","6",719.616666666667,2749,2022-08-30,"6_mo","-","calf",33.8028169014085,NA,NA,NA
"2718","8",674.083333333333,2692,2022-09-01,"6_mo","-","calf",33.8028169014085,25,0,0
"2718","9",834.216666666667,2122,2022-09-02,"6_mo","-","calf",33.8028169014085,NA,NA,NA
"2718","10",775.516666666667,2529,2022-09-03,"6_mo","-","calf",33.8028169014085,NA,NA,NA
"2718","11",831.166666666667,2398,2022-09-04,"6_mo","-","calf",33.8028169014085,21.25,0.25,2.08333333333333
"2719","BL",804.355555555555,2550.33333333333,2022-08-20,"6_mo","-","calf",50,NA,NA,NA
"2719","1",468.4,9355,2022-08-25,"6_mo","-","calf",50,8.75,3.875,35
"2719","2",841.666666666667,4278,2022-08-26,"6_mo","-","calf",50,11.25,1.25,10.4166666666667
"2719","3",745.416666666667,2648,2022-08-27,"6_mo","-","calf",50,16.25,2.125,17.7083333333333
"2719","4",523.333333333333,3559,2022-08-28,"6_mo","-","calf",50,NA,NA,NA
"2719","5",901.2,1726,2022-08-29,"6_mo","-","calf",50,15,0.125,1.04166666666667
"2719","6",621.216666666667,3018,2022-08-30,"6_mo","-","calf",50,NA,NA,NA
"2719","8",681.966666666667,2923,2022-09-01,"6_mo","-","calf",50,23.75,0,0
"2719","9",837.633333333333,1740,2022-09-02,"6_mo","-","calf",50,NA,NA,NA
"2719","10",703,2463,2022-09-03,"6_mo","-","calf",50,NA,NA,NA
"2719","11",788.366666666667,2492,2022-09-04,"6_mo","-","calf",50,27.5,0.125,1.04166666666667
"2720","BL",909.811111111111,2156.5,2022-08-20,"6_mo","-","calf",32.3741007194245,NA,NA,NA
"2720","1",591.966666666667,12875,2022-08-25,"6_mo","-","calf",32.3741007194245,2.5,6.25,55.625
"2720","2",892.7,3729,2022-08-26,"6_mo","-","calf",32.3741007194245,8.75,2.25,18.75
"2720","3",831.516666666667,1693,2022-08-27,"6_mo","-","calf",32.3741007194245,16.25,1.5,12.5
"2720","4",423.366666666667,4005,2022-08-28,"6_mo","-","calf",32.3741007194245,NA,NA,NA
"2720","5",973.483333333333,1587,2022-08-29,"6_mo","-","calf",32.3741007194245,16.25,0,0
"2720","6",722.25,2703,2022-08-30,"6_mo","-","calf",32.3741007194245,NA,NA,NA
"2720","8",703.533333333333,2198,2022-09-01,"6_mo","-","calf",32.3741007194245,23.75,0,0
"2720","9",789.266666666667,1440,2022-09-02,"6_mo","-","calf",32.3741007194245,NA,NA,NA
"2720","10",822.166666666667,1696,2022-09-03,"6_mo","-","calf",32.3741007194245,NA,NA,NA
"2720","11",836.566666666667,2327,2022-09-04,"6_mo","-","calf",32.3741007194245,20,0,0
"2721","BL",974.13,1770,2022-06-23,"4_mo","-","calf",38.5714285714286,NA,NA,NA
"2721","1",473.766666666667,12510,2022-06-28,"4_mo","-","calf",38.5714285714286,5,4.125,34.375
"2721","2",793.816666666667,3847,2022-06-29,"4_mo","-","calf",38.5714285714286,10,0.875,7.29166666666667
"2721","3",587.933333333333,2345,2022-06-30,"4_mo","-","calf",38.5714285714286,18.75,1.125,9.375
"2721","5",955.35,1159,2022-07-02,"4_mo","-","calf",38.5714285714286,16.25,0.25,2.08333333333333
"2721","6",889.133333333333,1645,2022-07-03,"4_mo","-","calf",38.5714285714286,NA,NA,NA
"2721","7",879,2385,2022-07-04,"4_mo","-","calf",38.5714285714286,NA,NA,NA
"2721","8",552.85,1763,2022-07-05,"4_mo","-","calf",38.5714285714286,17.5,0.375,3.125
"2721","9",863.65,1899,2022-07-06,"4_mo","-","calf",38.5714285714286,NA,NA,NA
"2721","11",776,1711,2022-07-08,"4_mo","-","calf",38.5714285714286,25,0.25,2.1780303030303
"2722","BL",901.176666666667,2882.4,2022-06-23,"4_mo","-","calf",27.34375,NA,NA,NA
"2722","1",438.683333333333,11506,2022-06-28,"4_mo","-","calf",27.34375,1.25,6.75,56.25
"2722","2",805.283333333333,5711,2022-06-29,"4_mo","-","calf",27.34375,12.5,4.125,34.375
"2722","3",446.366666666667,3609,2022-06-30,"4_mo","-","calf",27.34375,17.5,2.5,20.8333333333333
"2722","5",827.65,2069,2022-07-02,"4_mo","-","calf",27.34375,15,1,8.33333333333333
"2722","6",786.55,1811,2022-07-03,"4_mo","-","calf",27.34375,NA,NA,NA
"2722","7",897.133333333333,2650,2022-07-04,"4_mo","-","calf",27.34375,NA,NA,NA
"2722","8",905.333333333333,1413,2022-07-05,"4_mo","-","calf",27.34375,23.75,0.25,2.1780303030303
"2722","9",803.016666666667,2223,2022-07-06,"4_mo","-","calf",27.34375,NA,NA,NA
"2722","11",726.633333333333,1998,2022-07-08,"4_mo","-","calf",27.34375,28.75,1.125,9.46969696969697
"2725","BL",771.661111111111,3666.16666666667,2022-08-20,"6_mo","-","calf",38.8489208633094,NA,NA,NA
"2725","1",566.25,7972,2022-08-25,"6_mo","-","calf",38.8489208633094,13.75,4.625,41.0416666666667
"2725","2",783.183333333333,3783,2022-08-26,"6_mo","-","calf",38.8489208633094,12.5,1.25,10.4166666666667
"2725","3",556.116666666667,2418,2022-08-27,"6_mo","-","calf",38.8489208633094,16.25,0.875,7.29166666666667
"2725","4",544.783333333333,3098,2022-08-28,"6_mo","-","calf",38.8489208633094,NA,NA,NA
"2725","5",857.183333333333,2171,2022-08-29,"6_mo","-","calf",38.8489208633094,18.75,0,0
"2725","6",763.95,2613,2022-08-30,"6_mo","-","calf",38.8489208633094,NA,NA,NA
"2725","8",705.283333333333,2273,2022-09-01,"6_mo","-","calf",38.8489208633094,22.5,0.5,4.16666666666667
"2725","9",818.183333333333,1890,2022-09-02,"6_mo","-","calf",38.8489208633094,NA,NA,NA
"2725","10",712.9,2128,2022-09-03,"6_mo","-","calf",38.8489208633094,NA,NA,NA
"2725","11",782.9,2025,2022-09-04,"6_mo","-","calf",38.8489208633094,13.75,0.375,3.125
"2726","BL",878.361111111111,2441,2022-08-20,"6_mo","-","calf",58.9928057553957,NA,NA,NA
"2726","1",503.716666666667,7300,2022-08-25,"6_mo","-","calf",58.9928057553957,11.25,4.625,42.0833333333333
"2726","2",805.616666666667,3633,2022-08-26,"6_mo","-","calf",58.9928057553957,12.5,1.375,11.4583333333333
"2726","3",732.583333333333,2814,2022-08-27,"6_mo","-","calf",58.9928057553957,16.25,1,8.33333333333333
"2726","4",434.433333333333,3965,2022-08-28,"6_mo","-","calf",58.9928057553957,NA,NA,NA
"2726","5",814.733333333333,2130,2022-08-29,"6_mo","-","calf",58.9928057553957,20,0.125,1.04166666666667
"2726","6",577.883333333333,3479,2022-08-30,"6_mo","-","calf",58.9928057553957,NA,NA,NA
"2726","8",628.366666666667,3048,2022-09-01,"6_mo","-","calf",58.9928057553957,31.25,0.125,1.04166666666667
"2726","9",647.766666666667,2563,2022-09-02,"6_mo","-","calf",58.9928057553957,NA,NA,NA
"2726","10",815.283333333333,1926,2022-09-03,"6_mo","-","calf",58.9928057553957,NA,NA,NA
"2726","11",724.983333333333,2295,2022-09-04,"6_mo","-","calf",58.9928057553957,26.25,0.25,2.08333333333333
"2728","BL",889.475,1983,2022-08-20,"6_mo","-","calf",44.1176470588235,NA,NA,NA
"2728","1",431.983333333333,11630,2022-08-25,"6_mo","-","calf",44.1176470588235,11.25,4,35.625
"2728","2",798.05,4310,2022-08-26,"6_mo","-","calf",44.1176470588235,8.75,2.125,17.7083333333333
"2728","3",801.416666666667,2237,2022-08-27,"6_mo","-","calf",44.1176470588235,16.25,1.5,12.5
"2728","4",562.816666666667,2710,2022-08-28,"6_mo","-","calf",44.1176470588235,NA,NA,NA
"2728","5",812.55,1954,2022-08-29,"6_mo","-","calf",44.1176470588235,17.5,0.125,1.04166666666667
"2728","6",723.016666666667,1920,2022-08-30,"6_mo","-","calf",44.1176470588235,NA,NA,NA
"2728","8",726.616666666667,1953,2022-09-01,"6_mo","-","calf",44.1176470588235,28.75,0.125,1.04166666666667
"2728","9",711.2,1749,2022-09-02,"6_mo","-","calf",44.1176470588235,NA,NA,NA
"2728","10",718.25,1904,2022-09-03,"6_mo","-","calf",44.1176470588235,NA,NA,NA
"2728","11",707.383333333333,2153,2022-09-04,"6_mo","-","calf",44.1176470588235,23.75,0,0
"2730","BL",957.988888888889,1577.83333333333,2022-08-20,"6_mo","-","calf",39.7163120567376,NA,NA,NA
"2730","1",434.583333333333,12919,2022-08-25,"6_mo","-","calf",39.7163120567376,7.5,6,53.3333333333333
"2730","2",458.8,4025,2022-08-26,"6_mo","-","calf",39.7163120567376,7.5,2.5,20.8333333333333
"2730","3",500.65,2711,2022-08-27,"6_mo","-","calf",39.7163120567376,13.75,3.875,32.2916666666667
"2730","4",430.633333333333,2676,2022-08-28,"6_mo","-","calf",39.7163120567376,NA,NA,NA
"2730","5",841.2,1468,2022-08-29,"6_mo","-","calf",39.7163120567376,27.5,0.5,4.16666666666667
"2730","6",647.866666666667,2392,2022-08-30,"6_mo","-","calf",39.7163120567376,NA,NA,NA
"2730","8",671.583333333333,2103,2022-09-01,"6_mo","-","calf",39.7163120567376,31.25,0.125,1.04166666666667
"2730","9",773.5,1425,2022-09-02,"6_mo","-","calf",39.7163120567376,NA,NA,NA
"2730","10",730.116666666667,1666,2022-09-03,"6_mo","-","calf",39.7163120567376,NA,NA,NA
"2730","11",766.8,1762,2022-09-04,"6_mo","-","calf",39.7163120567376,16.25,0.25,2.08333333333333
"2731","BL",934.01,2108.2,2022-06-23,"4_mo","-","calf",65.4676258992806,NA,NA,NA
"2731","1",412.35,11014,2022-06-28,"4_mo","-","calf",65.4676258992806,5,4.375,36.4583333333333
"2731","2",719.583333333333,5841,2022-06-29,"4_mo","-","calf",65.4676258992806,8.75,5.25,43.75
"2731","3",522.5,3350,2022-06-30,"4_mo","-","calf",65.4676258992806,13.75,1.25,10.4166666666667
"2731","5",847.783333333333,2155,2022-07-02,"4_mo","-","calf",65.4676258992806,16.25,0.625,5.20833333333333
"2731","6",741.266666666667,2626,2022-07-03,"4_mo","-","calf",65.4676258992806,NA,NA,NA
"2731","7",860.45,3004,2022-07-04,"4_mo","-","calf",65.4676258992806,NA,NA,NA
"2731","8",858.7,2219,2022-07-05,"4_mo","-","calf",65.4676258992806,21.25,0.75,6.34469696969697
"2731","9",702.533333333333,3017,2022-07-06,"4_mo","-","calf",65.4676258992806,NA,NA,NA
"2731","11",705.483333333333,2518,2022-07-08,"4_mo","-","calf",65.4676258992806,16.25,0.375,3.21969696969697
"2733","BL",929.16,3002,2022-06-23,"4_mo","-","calf",20.6349206349206,NA,NA,NA
"2733","1",439.633333333333,11161,2022-06-28,"4_mo","-","calf",20.6349206349206,10,4.375,36.4583333333333
"2733","2",967.216666666667,3695,2022-06-29,"4_mo","-","calf",20.6349206349206,13.75,1.875,15.625
"2733","3",735.583333333333,3407,2022-06-30,"4_mo","-","calf",20.6349206349206,23.75,1,8.33333333333333
"2733","5",858.133333333333,2481,2022-07-02,"4_mo","-","calf",20.6349206349206,17.5,0.125,1.04166666666667
"2733","6",740.416666666667,2932,2022-07-03,"4_mo","-","calf",20.6349206349206,NA,NA,NA
"2733","7",613.183333333333,4378,2022-07-04,"4_mo","-","calf",20.6349206349206,NA,NA,NA
"2733","8",906.35,1391,2022-07-05,"4_mo","-","calf",20.6349206349206,30,0,0
"2733","9",800.25,1235,2022-07-06,"4_mo","-","calf",20.6349206349206,NA,NA,NA
"2733","11",737.066666666667,1988,2022-07-08,"4_mo","-","calf",20.6349206349206,25,0,0
"2734","BL",909.763333333333,2942,2022-06-23,"4_mo","-","calf",23.9130434782609,NA,NA,NA
"2734","1",386.45,13053,2022-06-28,"4_mo","-","calf",23.9130434782609,10,4.75,39.5833333333333
"2734","2",374.883333333333,12041,2022-06-29,"4_mo","-","calf",23.9130434782609,3.75,4.25,35.4166666666667
"2734","3",473.7,4523,2022-06-30,"4_mo","-","calf",23.9130434782609,16.25,2.375,19.7916666666667
"2734","5",897.633333333333,2759,2022-07-02,"4_mo","-","calf",23.9130434782609,12.5,0.75,6.25
"2734","6",687.883333333333,2280,2022-07-03,"4_mo","-","calf",23.9130434782609,NA,NA,NA
"2734","7",636.783333333333,3911,2022-07-04,"4_mo","-","calf",23.9130434782609,NA,NA,NA
"2734","8",872.116666666667,2017,2022-07-05,"4_mo","-","calf",23.9130434782609,21.25,0.375,3.125
"2734","9",788.416666666667,2060,2022-07-06,"4_mo","-","calf",23.9130434782609,NA,NA,NA
"2734","11",783.133333333333,2217,2022-07-08,"4_mo","-","calf",23.9130434782609,23.75,0.25,2.08333333333333
"2735","BL",817.505555555556,2763,2022-08-20,"6_mo","-","calf",45.985401459854,NA,NA,NA
"2735","1",268.016666666667,15819,2022-08-25,"6_mo","-","calf",45.985401459854,11.25,7.25,63.125
"2735","3",729.183333333333,3953,2022-08-27,"6_mo","-","calf",45.985401459854,13.75,5.125,42.7083333333333
"2735","4",355.9,3537,2022-08-28,"6_mo","-","calf",45.985401459854,NA,NA,NA
"2735","5",809.966666666667,1989,2022-08-29,"6_mo","-","calf",45.985401459854,25,0.625,5.20833333333333
"2735","6",646.116666666667,3212,2022-08-30,"6_mo","-","calf",45.985401459854,NA,NA,NA
"2735","8",742.95,3092,2022-09-01,"6_mo","-","calf",45.985401459854,28.75,0.125,1.04166666666667
"2735","9",848.85,1694,2022-09-02,"6_mo","-","calf",45.985401459854,NA,NA,NA
"2735","10",758.316666666667,2245,2022-09-03,"6_mo","-","calf",45.985401459854,NA,NA,NA
"2735","11",800.033333333333,2183,2022-09-04,"6_mo","-","calf",45.985401459854,27.5,0,0
"2736","BL",963.246666666667,2480.4,2022-06-23,"4_mo","-","calf",20.4545454545455,NA,NA,NA
"2736","1",554.633333333333,9426,2022-06-28,"4_mo","-","calf",20.4545454545455,8.75,5.5,45.8333333333333
"2736","2",762.833333333333,5563,2022-06-29,"4_mo","-","calf",20.4545454545455,16.25,4.125,34.375
"2736","3",778.15,4015,2022-06-30,"4_mo","-","calf",20.4545454545455,21.25,2.375,19.7916666666667
"2736","5",852.25,2323,2022-07-02,"4_mo","-","calf",20.4545454545455,20,0.25,2.08333333333333
"2736","6",888.916666666667,1913,2022-07-03,"4_mo","-","calf",20.4545454545455,NA,NA,NA
"2736","7",744.366666666667,3879,2022-07-04,"4_mo","-","calf",20.4545454545455,NA,NA,NA
"2736","8",889.35,1946,2022-07-05,"4_mo","-","calf",20.4545454545455,25,0,0
"2736","9",834.916666666667,2480,2022-07-06,"4_mo","-","calf",20.4545454545455,NA,NA,NA
"2736","11",853.5,1668,2022-07-08,"4_mo","-","calf",20.4545454545455,21.25,0,0
